name,artist,url,dir_url,pre_url
Toxic,Britney Spears,https://i.scdn.co/image/ab67616d0000b273efc6988972cb04105f002cd4,https://open.spotify.com/track/6I9VzXrHxO9rA9A5euc8Ak,https://p.scdn.co/mp3-preview/6de2791f84c1d637a0e24734b6df3997cc742da4?cid=578ab8eec910483d891f8aaeaf0bbef2
Toxic,Britney Spears,https://i.scdn.co/image/ab67616d0000b273efc6988972cb04105f002cd4,https://open.spotify.com/track/6I9VzXrHxO9rA9A5euc8Ak,https://p.scdn.co/mp3-preview/6de2791f84c1d637a0e24734b6df3997cc742da4?cid=578ab8eec910483d891f8aaeaf0bbef2
Toxic,Britney Spears,https://i.scdn.co/image/ab67616d0000b273efc6988972cb04105f002cd4,https://open.spotify.com/track/6I9VzXrHxO9rA9A5euc8Ak,https://p.scdn.co/mp3-preview/6de2791f84c1d637a0e24734b6df3997cc742da4?cid=578ab8eec910483d891f8aaeaf0bbef2
Toxic,Britney Spears,https://i.scdn.co/image/ab67616d0000b273efc6988972cb04105f002cd4,https://open.spotify.com/track/6I9VzXrHxO9rA9A5euc8Ak,https://p.scdn.co/mp3-preview/6de2791f84c1d637a0e24734b6df3997cc742da4?cid=578ab8eec910483d891f8aaeaf0bbef2
Toxic,Britney Spears,https://i.scdn.co/image/ab67616d0000b273efc6988972cb04105f002cd4,https://open.spotify.com/track/6I9VzXrHxO9rA9A5euc8Ak,https://p.scdn.co/mp3-preview/6de2791f84c1d637a0e24734b6df3997cc742da4?cid=578ab8eec910483d891f8aaeaf0bbef2
Toxic,Britney Spears,https://i.scdn.co/image/ab67616d0000b273efc6988972cb04105f002cd4,https://open.spotify.com/track/6I9VzXrHxO9rA9A5euc8Ak,https://p.scdn.co/mp3-preview/6de2791f84c1d637a0e24734b6df3997cc742da4?cid=578ab8eec910483d891f8aaeaf0bbef2
Toxic,Britney Spears,https://i.scdn.co/image/ab67616d0000b273efc6988972cb04105f002cd4,https://open.spotify.com/track/6I9VzXrHxO9rA9A5euc8Ak,https://p.scdn.co/mp3-preview/6de2791f84c1d637a0e24734b6df3997cc742da4?cid=578ab8eec910483d891f8aaeaf0bbef2
Toxic,Britney Spears,https://i.scdn.co/image/ab67616d0000b273efc6988972cb04105f002cd4,https://open.spotify.com/track/6I9VzXrHxO9rA9A5euc8Ak,https://p.scdn.co/mp3-preview/6de2791f84c1d637a0e24734b6df3997cc742da4?cid=578ab8eec910483d891f8aaeaf0bbef2
Toxic,Britney Spears,https://i.scdn.co/image/ab67616d0000b273efc6988972cb04105f002cd4,https://open.spotify.com/track/6I9VzXrHxO9rA9A5euc8Ak,https://p.scdn.co/mp3-preview/6de2791f84c1d637a0e24734b6df3997cc742da4?cid=578ab8eec910483d891f8aaeaf0bbef2
Toxic,Britney Spears,https://i.scdn.co/image/ab67616d0000b273efc6988972cb04105f002cd4,https://open.spotify.com/track/6I9VzXrHxO9rA9A5euc8Ak,https://p.scdn.co/mp3-preview/6de2791f84c1d637a0e24734b6df3997cc742da4?cid=578ab8eec910483d891f8aaeaf0bbef2
Toxic,Britney Spears,https://i.scdn.co/image/ab67616d0000b273efc6988972cb04105f002cd4,https://open.spotify.com/track/6I9VzXrHxO9rA9A5euc8Ak,https://p.scdn.co/mp3-preview/6de2791f84c1d637a0e24734b6df3997cc742da4?cid=578ab8eec910483d891f8aaeaf0bbef2
Toxic,Britney Spears,https://i.scdn.co/image/ab67616d0000b273efc6988972cb04105f002cd4,https://open.spotify.com/track/6I9VzXrHxO9rA9A5euc8Ak,https://p.scdn.co/mp3-preview/6de2791f84c1d637a0e24734b6df3997cc742da4?cid=578ab8eec910483d891f8aaeaf0bbef2
Toxic,Britney Spears,https://i.scdn.co/image/ab67616d0000b273efc6988972cb04105f002cd4,https://open.spotify.com/track/6I9VzXrHxO9rA9A5euc8Ak,https://p.scdn.co/mp3-preview/6de2791f84c1d637a0e24734b6df3997cc742da4?cid=578ab8eec910483d891f8aaeaf0bbef2
Toxic,Britney Spears,https://i.scdn.co/image/ab67616d0000b273efc6988972cb04105f002cd4,https://open.spotify.com/track/6I9VzXrHxO9rA9A5euc8Ak,https://p.scdn.co/mp3-preview/6de2791f84c1d637a0e24734b6df3997cc742da4?cid=578ab8eec910483d891f8aaeaf0bbef2
Toxic,Britney Spears,https://i.scdn.co/image/ab67616d0000b273efc6988972cb04105f002cd4,https://open.spotify.com/track/6I9VzXrHxO9rA9A5euc8Ak,https://p.scdn.co/mp3-preview/6de2791f84c1d637a0e24734b6df3997cc742da4?cid=578ab8eec910483d891f8aaeaf0bbef2
Toxic,Britney Spears,https://i.scdn.co/image/ab67616d0000b273efc6988972cb04105f002cd4,https://open.spotify.com/track/6I9VzXrHxO9rA9A5euc8Ak,https://p.scdn.co/mp3-preview/6de2791f84c1d637a0e24734b6df3997cc742da4?cid=578ab8eec910483d891f8aaeaf0bbef2
Toxic,Britney Spears,https://i.scdn.co/image/ab67616d0000b273efc6988972cb04105f002cd4,https://open.spotify.com/track/6I9VzXrHxO9rA9A5euc8Ak,https://p.scdn.co/mp3-preview/6de2791f84c1d637a0e24734b6df3997cc742da4?cid=578ab8eec910483d891f8aaeaf0bbef2
Toxic,Britney Spears,https://i.scdn.co/image/ab67616d0000b273efc6988972cb04105f002cd4,https://open.spotify.com/track/6I9VzXrHxO9rA9A5euc8Ak,https://p.scdn.co/mp3-preview/6de2791f84c1d637a0e24734b6df3997cc742da4?cid=578ab8eec910483d891f8aaeaf0bbef2
Toxic,Britney Spears,https://i.scdn.co/image/ab67616d0000b273efc6988972cb04105f002cd4,https://open.spotify.com/track/6I9VzXrHxO9rA9A5euc8Ak,https://p.scdn.co/mp3-preview/6de2791f84c1d637a0e24734b6df3997cc742da4?cid=578ab8eec910483d891f8aaeaf0bbef2
Toxic,Britney Spears,https://i.scdn.co/image/ab67616d0000b273efc6988972cb04105f002cd4,https://open.spotify.com/track/6I9VzXrHxO9rA9A5euc8Ak,https://p.scdn.co/mp3-preview/6de2791f84c1d637a0e24734b6df3997cc742da4?cid=578ab8eec910483d891f8aaeaf0bbef2
Toxic,Britney Spears,https://i.scdn.co/image/ab67616d0000b273efc6988972cb04105f002cd4,https://open.spotify.com/track/6I9VzXrHxO9rA9A5euc8Ak,https://p.scdn.co/mp3-preview/6de2791f84c1d637a0e24734b6df3997cc742da4?cid=578ab8eec910483d891f8aaeaf0bbef2
Toxic,Britney Spears,https://i.scdn.co/image/ab67616d0000b273efc6988972cb04105f002cd4,https://open.spotify.com/track/6I9VzXrHxO9rA9A5euc8Ak,https://p.scdn.co/mp3-preview/6de2791f84c1d637a0e24734b6df3997cc742da4?cid=578ab8eec910483d891f8aaeaf0bbef2
Toxic,Britney Spears,https://i.scdn.co/image/ab67616d0000b273efc6988972cb04105f002cd4,https://open.spotify.com/track/6I9VzXrHxO9rA9A5euc8Ak,https://p.scdn.co/mp3-preview/6de2791f84c1d637a0e24734b6df3997cc742da4?cid=578ab8eec910483d891f8aaeaf0bbef2
Toxic,Britney Spears,https://i.scdn.co/image/ab67616d0000b273efc6988972cb04105f002cd4,https://open.spotify.com/track/6I9VzXrHxO9rA9A5euc8Ak,https://p.scdn.co/mp3-preview/6de2791f84c1d637a0e24734b6df3997cc742da4?cid=578ab8eec910483d891f8aaeaf0bbef2
Toxic,Britney Spears,https://i.scdn.co/image/ab67616d0000b273efc6988972cb04105f002cd4,https://open.spotify.com/track/6I9VzXrHxO9rA9A5euc8Ak,https://p.scdn.co/mp3-preview/6de2791f84c1d637a0e24734b6df3997cc742da4?cid=578ab8eec910483d891f8aaeaf0bbef2
Toxic,Britney Spears,https://i.scdn.co/image/ab67616d0000b273efc6988972cb04105f002cd4,https://open.spotify.com/track/6I9VzXrHxO9rA9A5euc8Ak,https://p.scdn.co/mp3-preview/6de2791f84c1d637a0e24734b6df3997cc742da4?cid=578ab8eec910483d891f8aaeaf0bbef2
Toxic,Britney Spears,https://i.scdn.co/image/ab67616d0000b273efc6988972cb04105f002cd4,https://open.spotify.com/track/6I9VzXrHxO9rA9A5euc8Ak,https://p.scdn.co/mp3-preview/6de2791f84c1d637a0e24734b6df3997cc742da4?cid=578ab8eec910483d891f8aaeaf0bbef2
Toxic,Britney Spears,https://i.scdn.co/image/ab67616d0000b273efc6988972cb04105f002cd4,https://open.spotify.com/track/6I9VzXrHxO9rA9A5euc8Ak,https://p.scdn.co/mp3-preview/6de2791f84c1d637a0e24734b6df3997cc742da4?cid=578ab8eec910483d891f8aaeaf0bbef2
Toxic,Britney Spears,https://i.scdn.co/image/ab67616d0000b273efc6988972cb04105f002cd4,https://open.spotify.com/track/6I9VzXrHxO9rA9A5euc8Ak,https://p.scdn.co/mp3-preview/6de2791f84c1d637a0e24734b6df3997cc742da4?cid=578ab8eec910483d891f8aaeaf0bbef2
Toxic,Britney Spears,https://i.scdn.co/image/ab67616d0000b273efc6988972cb04105f002cd4,https://open.spotify.com/track/6I9VzXrHxO9rA9A5euc8Ak,https://p.scdn.co/mp3-preview/6de2791f84c1d637a0e24734b6df3997cc742da4?cid=578ab8eec910483d891f8aaeaf0bbef2
Toxic,Britney Spears,https://i.scdn.co/image/ab67616d0000b273efc6988972cb04105f002cd4,https://open.spotify.com/track/6I9VzXrHxO9rA9A5euc8Ak,https://p.scdn.co/mp3-preview/6de2791f84c1d637a0e24734b6df3997cc742da4?cid=578ab8eec910483d891f8aaeaf0bbef2
Toxic,Britney Spears,https://i.scdn.co/image/ab67616d0000b273efc6988972cb04105f002cd4,https://open.spotify.com/track/6I9VzXrHxO9rA9A5euc8Ak,https://p.scdn.co/mp3-preview/6de2791f84c1d637a0e24734b6df3997cc742da4?cid=578ab8eec910483d891f8aaeaf0bbef2
Toxic,Britney Spears,https://i.scdn.co/image/ab67616d0000b273efc6988972cb04105f002cd4,https://open.spotify.com/track/6I9VzXrHxO9rA9A5euc8Ak,https://p.scdn.co/mp3-preview/6de2791f84c1d637a0e24734b6df3997cc742da4?cid=578ab8eec910483d891f8aaeaf0bbef2
Toxic,Britney Spears,https://i.scdn.co/image/ab67616d0000b273efc6988972cb04105f002cd4,https://open.spotify.com/track/6I9VzXrHxO9rA9A5euc8Ak,https://p.scdn.co/mp3-preview/6de2791f84c1d637a0e24734b6df3997cc742da4?cid=578ab8eec910483d891f8aaeaf0bbef2
Toxic,Britney Spears,https://i.scdn.co/image/ab67616d0000b273efc6988972cb04105f002cd4,https://open.spotify.com/track/6I9VzXrHxO9rA9A5euc8Ak,https://p.scdn.co/mp3-preview/6de2791f84c1d637a0e24734b6df3997cc742da4?cid=578ab8eec910483d891f8aaeaf0bbef2
Toxic,Britney Spears,https://i.scdn.co/image/ab67616d0000b273efc6988972cb04105f002cd4,https://open.spotify.com/track/6I9VzXrHxO9rA9A5euc8Ak,https://p.scdn.co/mp3-preview/6de2791f84c1d637a0e24734b6df3997cc742da4?cid=578ab8eec910483d891f8aaeaf0bbef2
Toxic,Britney Spears,https://i.scdn.co/image/ab67616d0000b273efc6988972cb04105f002cd4,https://open.spotify.com/track/6I9VzXrHxO9rA9A5euc8Ak,https://p.scdn.co/mp3-preview/6de2791f84c1d637a0e24734b6df3997cc742da4?cid=578ab8eec910483d891f8aaeaf0bbef2
Toxic,Britney Spears,https://i.scdn.co/image/ab67616d0000b273efc6988972cb04105f002cd4,https://open.spotify.com/track/6I9VzXrHxO9rA9A5euc8Ak,https://p.scdn.co/mp3-preview/6de2791f84c1d637a0e24734b6df3997cc742da4?cid=578ab8eec910483d891f8aaeaf0bbef2
Toxic,Britney Spears,https://i.scdn.co/image/ab67616d0000b273efc6988972cb04105f002cd4,https://open.spotify.com/track/6I9VzXrHxO9rA9A5euc8Ak,https://p.scdn.co/mp3-preview/6de2791f84c1d637a0e24734b6df3997cc742da4?cid=578ab8eec910483d891f8aaeaf0bbef2
Toxic,Britney Spears,https://i.scdn.co/image/ab67616d0000b273efc6988972cb04105f002cd4,https://open.spotify.com/track/6I9VzXrHxO9rA9A5euc8Ak,https://p.scdn.co/mp3-preview/6de2791f84c1d637a0e24734b6df3997cc742da4?cid=578ab8eec910483d891f8aaeaf0bbef2
Toxic,Britney Spears,https://i.scdn.co/image/ab67616d0000b273efc6988972cb04105f002cd4,https://open.spotify.com/track/6I9VzXrHxO9rA9A5euc8Ak,https://p.scdn.co/mp3-preview/6de2791f84c1d637a0e24734b6df3997cc742da4?cid=578ab8eec910483d891f8aaeaf0bbef2
Toxic,Britney Spears,https://i.scdn.co/image/ab67616d0000b273efc6988972cb04105f002cd4,https://open.spotify.com/track/6I9VzXrHxO9rA9A5euc8Ak,https://p.scdn.co/mp3-preview/6de2791f84c1d637a0e24734b6df3997cc742da4?cid=578ab8eec910483d891f8aaeaf0bbef2
Toxic,Britney Spears,https://i.scdn.co/image/ab67616d0000b273efc6988972cb04105f002cd4,https://open.spotify.com/track/6I9VzXrHxO9rA9A5euc8Ak,https://p.scdn.co/mp3-preview/6de2791f84c1d637a0e24734b6df3997cc742da4?cid=578ab8eec910483d891f8aaeaf0bbef2
Toxic,Britney Spears,https://i.scdn.co/image/ab67616d0000b273efc6988972cb04105f002cd4,https://open.spotify.com/track/6I9VzXrHxO9rA9A5euc8Ak,https://p.scdn.co/mp3-preview/6de2791f84c1d637a0e24734b6df3997cc742da4?cid=578ab8eec910483d891f8aaeaf0bbef2
Toxic,Britney Spears,https://i.scdn.co/image/ab67616d0000b273efc6988972cb04105f002cd4,https://open.spotify.com/track/6I9VzXrHxO9rA9A5euc8Ak,https://p.scdn.co/mp3-preview/6de2791f84c1d637a0e24734b6df3997cc742da4?cid=578ab8eec910483d891f8aaeaf0bbef2
Toxic,Britney Spears,https://i.scdn.co/image/ab67616d0000b273efc6988972cb04105f002cd4,https://open.spotify.com/track/6I9VzXrHxO9rA9A5euc8Ak,https://p.scdn.co/mp3-preview/6de2791f84c1d637a0e24734b6df3997cc742da4?cid=578ab8eec910483d891f8aaeaf0bbef2
Toxic,Britney Spears,https://i.scdn.co/image/ab67616d0000b273efc6988972cb04105f002cd4,https://open.spotify.com/track/6I9VzXrHxO9rA9A5euc8Ak,https://p.scdn.co/mp3-preview/6de2791f84c1d637a0e24734b6df3997cc742da4?cid=578ab8eec910483d891f8aaeaf0bbef2
Toxic,Britney Spears,https://i.scdn.co/image/ab67616d0000b273efc6988972cb04105f002cd4,https://open.spotify.com/track/6I9VzXrHxO9rA9A5euc8Ak,https://p.scdn.co/mp3-preview/6de2791f84c1d637a0e24734b6df3997cc742da4?cid=578ab8eec910483d891f8aaeaf0bbef2
Toxic,Britney Spears,https://i.scdn.co/image/ab67616d0000b273efc6988972cb04105f002cd4,https://open.spotify.com/track/6I9VzXrHxO9rA9A5euc8Ak,https://p.scdn.co/mp3-preview/6de2791f84c1d637a0e24734b6df3997cc742da4?cid=578ab8eec910483d891f8aaeaf0bbef2
Toxic,Britney Spears,https://i.scdn.co/image/ab67616d0000b273efc6988972cb04105f002cd4,https://open.spotify.com/track/6I9VzXrHxO9rA9A5euc8Ak,https://p.scdn.co/mp3-preview/6de2791f84c1d637a0e24734b6df3997cc742da4?cid=578ab8eec910483d891f8aaeaf0bbef2
Toxic,Britney Spears,https://i.scdn.co/image/ab67616d0000b273efc6988972cb04105f002cd4,https://open.spotify.com/track/6I9VzXrHxO9rA9A5euc8Ak,https://p.scdn.co/mp3-preview/6de2791f84c1d637a0e24734b6df3997cc742da4?cid=578ab8eec910483d891f8aaeaf0bbef2
Toxic,Britney Spears,https://i.scdn.co/image/ab67616d0000b273efc6988972cb04105f002cd4,https://open.spotify.com/track/6I9VzXrHxO9rA9A5euc8Ak,https://p.scdn.co/mp3-preview/6de2791f84c1d637a0e24734b6df3997cc742da4?cid=578ab8eec910483d891f8aaeaf0bbef2
Toxic,Britney Spears,https://i.scdn.co/image/ab67616d0000b273efc6988972cb04105f002cd4,https://open.spotify.com/track/6I9VzXrHxO9rA9A5euc8Ak,https://p.scdn.co/mp3-preview/6de2791f84c1d637a0e24734b6df3997cc742da4?cid=578ab8eec910483d891f8aaeaf0bbef2
Toxic,Britney Spears,https://i.scdn.co/image/ab67616d0000b273efc6988972cb04105f002cd4,https://open.spotify.com/track/6I9VzXrHxO9rA9A5euc8Ak,https://p.scdn.co/mp3-preview/6de2791f84c1d637a0e24734b6df3997cc742da4?cid=578ab8eec910483d891f8aaeaf0bbef2
Toxic,Britney Spears,https://i.scdn.co/image/ab67616d0000b273efc6988972cb04105f002cd4,https://open.spotify.com/track/6I9VzXrHxO9rA9A5euc8Ak,https://p.scdn.co/mp3-preview/6de2791f84c1d637a0e24734b6df3997cc742da4?cid=578ab8eec910483d891f8aaeaf0bbef2
Toxic,Britney Spears,https://i.scdn.co/image/ab67616d0000b273efc6988972cb04105f002cd4,https://open.spotify.com/track/6I9VzXrHxO9rA9A5euc8Ak,https://p.scdn.co/mp3-preview/6de2791f84c1d637a0e24734b6df3997cc742da4?cid=578ab8eec910483d891f8aaeaf0bbef2
Toxic,Britney Spears,https://i.scdn.co/image/ab67616d0000b273efc6988972cb04105f002cd4,https://open.spotify.com/track/6I9VzXrHxO9rA9A5euc8Ak,https://p.scdn.co/mp3-preview/6de2791f84c1d637a0e24734b6df3997cc742da4?cid=578ab8eec910483d891f8aaeaf0bbef2
Toxic,Britney Spears,https://i.scdn.co/image/ab67616d0000b273efc6988972cb04105f002cd4,https://open.spotify.com/track/6I9VzXrHxO9rA9A5euc8Ak,https://p.scdn.co/mp3-preview/6de2791f84c1d637a0e24734b6df3997cc742da4?cid=578ab8eec910483d891f8aaeaf0bbef2
Toxic,Britney Spears,https://i.scdn.co/image/ab67616d0000b273efc6988972cb04105f002cd4,https://open.spotify.com/track/6I9VzXrHxO9rA9A5euc8Ak,https://p.scdn.co/mp3-preview/6de2791f84c1d637a0e24734b6df3997cc742da4?cid=578ab8eec910483d891f8aaeaf0bbef2
Toxic,Britney Spears,https://i.scdn.co/image/ab67616d0000b273efc6988972cb04105f002cd4,https://open.spotify.com/track/6I9VzXrHxO9rA9A5euc8Ak,https://p.scdn.co/mp3-preview/6de2791f84c1d637a0e24734b6df3997cc742da4?cid=578ab8eec910483d891f8aaeaf0bbef2
Toxic,Britney Spears,https://i.scdn.co/image/ab67616d0000b273efc6988972cb04105f002cd4,https://open.spotify.com/track/6I9VzXrHxO9rA9A5euc8Ak,https://p.scdn.co/mp3-preview/6de2791f84c1d637a0e24734b6df3997cc742da4?cid=578ab8eec910483d891f8aaeaf0bbef2
Toxic,Britney Spears,https://i.scdn.co/image/ab67616d0000b273efc6988972cb04105f002cd4,https://open.spotify.com/track/6I9VzXrHxO9rA9A5euc8Ak,https://p.scdn.co/mp3-preview/6de2791f84c1d637a0e24734b6df3997cc742da4?cid=578ab8eec910483d891f8aaeaf0bbef2
Toxic,Britney Spears,https://i.scdn.co/image/ab67616d0000b273efc6988972cb04105f002cd4,https://open.spotify.com/track/6I9VzXrHxO9rA9A5euc8Ak,https://p.scdn.co/mp3-preview/6de2791f84c1d637a0e24734b6df3997cc742da4?cid=578ab8eec910483d891f8aaeaf0bbef2
Toxic,Britney Spears,https://i.scdn.co/image/ab67616d0000b273efc6988972cb04105f002cd4,https://open.spotify.com/track/6I9VzXrHxO9rA9A5euc8Ak,https://p.scdn.co/mp3-preview/6de2791f84c1d637a0e24734b6df3997cc742da4?cid=578ab8eec910483d891f8aaeaf0bbef2
Toxic,Britney Spears,https://i.scdn.co/image/ab67616d0000b273efc6988972cb04105f002cd4,https://open.spotify.com/track/6I9VzXrHxO9rA9A5euc8Ak,https://p.scdn.co/mp3-preview/6de2791f84c1d637a0e24734b6df3997cc742da4?cid=578ab8eec910483d891f8aaeaf0bbef2
Toxic,Britney Spears,https://i.scdn.co/image/ab67616d0000b273efc6988972cb04105f002cd4,https://open.spotify.com/track/6I9VzXrHxO9rA9A5euc8Ak,https://p.scdn.co/mp3-preview/6de2791f84c1d637a0e24734b6df3997cc742da4?cid=578ab8eec910483d891f8aaeaf0bbef2
Toxic,Britney Spears,https://i.scdn.co/image/ab67616d0000b273efc6988972cb04105f002cd4,https://open.spotify.com/track/6I9VzXrHxO9rA9A5euc8Ak,https://p.scdn.co/mp3-preview/6de2791f84c1d637a0e24734b6df3997cc742da4?cid=578ab8eec910483d891f8aaeaf0bbef2
Toxic,Britney Spears,https://i.scdn.co/image/ab67616d0000b273efc6988972cb04105f002cd4,https://open.spotify.com/track/6I9VzXrHxO9rA9A5euc8Ak,https://p.scdn.co/mp3-preview/6de2791f84c1d637a0e24734b6df3997cc742da4?cid=578ab8eec910483d891f8aaeaf0bbef2
Toxic,Britney Spears,https://i.scdn.co/image/ab67616d0000b273efc6988972cb04105f002cd4,https://open.spotify.com/track/6I9VzXrHxO9rA9A5euc8Ak,https://p.scdn.co/mp3-preview/6de2791f84c1d637a0e24734b6df3997cc742da4?cid=578ab8eec910483d891f8aaeaf0bbef2
Toxic,Britney Spears,https://i.scdn.co/image/ab67616d0000b273efc6988972cb04105f002cd4,https://open.spotify.com/track/6I9VzXrHxO9rA9A5euc8Ak,https://p.scdn.co/mp3-preview/6de2791f84c1d637a0e24734b6df3997cc742da4?cid=578ab8eec910483d891f8aaeaf0bbef2
Toxic,Britney Spears,https://i.scdn.co/image/ab67616d0000b273efc6988972cb04105f002cd4,https://open.spotify.com/track/6I9VzXrHxO9rA9A5euc8Ak,https://p.scdn.co/mp3-preview/6de2791f84c1d637a0e24734b6df3997cc742da4?cid=578ab8eec910483d891f8aaeaf0bbef2
Toxic,Britney Spears,https://i.scdn.co/image/ab67616d0000b273efc6988972cb04105f002cd4,https://open.spotify.com/track/6I9VzXrHxO9rA9A5euc8Ak,https://p.scdn.co/mp3-preview/6de2791f84c1d637a0e24734b6df3997cc742da4?cid=578ab8eec910483d891f8aaeaf0bbef2
Toxic,Britney Spears,https://i.scdn.co/image/ab67616d0000b273efc6988972cb04105f002cd4,https://open.spotify.com/track/6I9VzXrHxO9rA9A5euc8Ak,https://p.scdn.co/mp3-preview/6de2791f84c1d637a0e24734b6df3997cc742da4?cid=578ab8eec910483d891f8aaeaf0bbef2
Toxic,Britney Spears,https://i.scdn.co/image/ab67616d0000b273efc6988972cb04105f002cd4,https://open.spotify.com/track/6I9VzXrHxO9rA9A5euc8Ak,https://p.scdn.co/mp3-preview/6de2791f84c1d637a0e24734b6df3997cc742da4?cid=578ab8eec910483d891f8aaeaf0bbef2
Toxic,Britney Spears,https://i.scdn.co/image/ab67616d0000b273efc6988972cb04105f002cd4,https://open.spotify.com/track/6I9VzXrHxO9rA9A5euc8Ak,https://p.scdn.co/mp3-preview/6de2791f84c1d637a0e24734b6df3997cc742da4?cid=578ab8eec910483d891f8aaeaf0bbef2
Toxic,Britney Spears,https://i.scdn.co/image/ab67616d0000b273efc6988972cb04105f002cd4,https://open.spotify.com/track/6I9VzXrHxO9rA9A5euc8Ak,https://p.scdn.co/mp3-preview/6de2791f84c1d637a0e24734b6df3997cc742da4?cid=578ab8eec910483d891f8aaeaf0bbef2
Toxic,Britney Spears,https://i.scdn.co/image/ab67616d0000b273efc6988972cb04105f002cd4,https://open.spotify.com/track/6I9VzXrHxO9rA9A5euc8Ak,https://p.scdn.co/mp3-preview/6de2791f84c1d637a0e24734b6df3997cc742da4?cid=578ab8eec910483d891f8aaeaf0bbef2
Toxic,Britney Spears,https://i.scdn.co/image/ab67616d0000b273efc6988972cb04105f002cd4,https://open.spotify.com/track/6I9VzXrHxO9rA9A5euc8Ak,https://p.scdn.co/mp3-preview/6de2791f84c1d637a0e24734b6df3997cc742da4?cid=578ab8eec910483d891f8aaeaf0bbef2
Toxic,Britney Spears,https://i.scdn.co/image/ab67616d0000b273efc6988972cb04105f002cd4,https://open.spotify.com/track/6I9VzXrHxO9rA9A5euc8Ak,https://p.scdn.co/mp3-preview/6de2791f84c1d637a0e24734b6df3997cc742da4?cid=578ab8eec910483d891f8aaeaf0bbef2
Toxic,Britney Spears,https://i.scdn.co/image/ab67616d0000b273efc6988972cb04105f002cd4,https://open.spotify.com/track/6I9VzXrHxO9rA9A5euc8Ak,https://p.scdn.co/mp3-preview/6de2791f84c1d637a0e24734b6df3997cc742da4?cid=578ab8eec910483d891f8aaeaf0bbef2
Toxic,Britney Spears,https://i.scdn.co/image/ab67616d0000b273efc6988972cb04105f002cd4,https://open.spotify.com/track/6I9VzXrHxO9rA9A5euc8Ak,https://p.scdn.co/mp3-preview/6de2791f84c1d637a0e24734b6df3997cc742da4?cid=578ab8eec910483d891f8aaeaf0bbef2
Toxic,Britney Spears,https://i.scdn.co/image/ab67616d0000b273efc6988972cb04105f002cd4,https://open.spotify.com/track/6I9VzXrHxO9rA9A5euc8Ak,https://p.scdn.co/mp3-preview/6de2791f84c1d637a0e24734b6df3997cc742da4?cid=578ab8eec910483d891f8aaeaf0bbef2
Toxic,Britney Spears,https://i.scdn.co/image/ab67616d0000b273efc6988972cb04105f002cd4,https://open.spotify.com/track/6I9VzXrHxO9rA9A5euc8Ak,https://p.scdn.co/mp3-preview/6de2791f84c1d637a0e24734b6df3997cc742da4?cid=578ab8eec910483d891f8aaeaf0bbef2
Toxic,Britney Spears,https://i.scdn.co/image/ab67616d0000b273efc6988972cb04105f002cd4,https://open.spotify.com/track/6I9VzXrHxO9rA9A5euc8Ak,https://p.scdn.co/mp3-preview/6de2791f84c1d637a0e24734b6df3997cc742da4?cid=578ab8eec910483d891f8aaeaf0bbef2
Toxic,Britney Spears,https://i.scdn.co/image/ab67616d0000b273efc6988972cb04105f002cd4,https://open.spotify.com/track/6I9VzXrHxO9rA9A5euc8Ak,https://p.scdn.co/mp3-preview/6de2791f84c1d637a0e24734b6df3997cc742da4?cid=578ab8eec910483d891f8aaeaf0bbef2
Toxic,Britney Spears,https://i.scdn.co/image/ab67616d0000b273efc6988972cb04105f002cd4,https://open.spotify.com/track/6I9VzXrHxO9rA9A5euc8Ak,https://p.scdn.co/mp3-preview/6de2791f84c1d637a0e24734b6df3997cc742da4?cid=578ab8eec910483d891f8aaeaf0bbef2
Toxic,Britney Spears,https://i.scdn.co/image/ab67616d0000b273efc6988972cb04105f002cd4,https://open.spotify.com/track/6I9VzXrHxO9rA9A5euc8Ak,https://p.scdn.co/mp3-preview/6de2791f84c1d637a0e24734b6df3997cc742da4?cid=578ab8eec910483d891f8aaeaf0bbef2
Toxic,Britney Spears,https://i.scdn.co/image/ab67616d0000b273efc6988972cb04105f002cd4,https://open.spotify.com/track/6I9VzXrHxO9rA9A5euc8Ak,https://p.scdn.co/mp3-preview/6de2791f84c1d637a0e24734b6df3997cc742da4?cid=578ab8eec910483d891f8aaeaf0bbef2
Toxic,Britney Spears,https://i.scdn.co/image/ab67616d0000b273efc6988972cb04105f002cd4,https://open.spotify.com/track/6I9VzXrHxO9rA9A5euc8Ak,https://p.scdn.co/mp3-preview/6de2791f84c1d637a0e24734b6df3997cc742da4?cid=578ab8eec910483d891f8aaeaf0bbef2
Toxic,Britney Spears,https://i.scdn.co/image/ab67616d0000b273efc6988972cb04105f002cd4,https://open.spotify.com/track/6I9VzXrHxO9rA9A5euc8Ak,https://p.scdn.co/mp3-preview/6de2791f84c1d637a0e24734b6df3997cc742da4?cid=578ab8eec910483d891f8aaeaf0bbef2
Toxic,Britney Spears,https://i.scdn.co/image/ab67616d0000b273efc6988972cb04105f002cd4,https://open.spotify.com/track/6I9VzXrHxO9rA9A5euc8Ak,https://p.scdn.co/mp3-preview/6de2791f84c1d637a0e24734b6df3997cc742da4?cid=578ab8eec910483d891f8aaeaf0bbef2
Toxic,Britney Spears,https://i.scdn.co/image/ab67616d0000b273efc6988972cb04105f002cd4,https://open.spotify.com/track/6I9VzXrHxO9rA9A5euc8Ak,https://p.scdn.co/mp3-preview/6de2791f84c1d637a0e24734b6df3997cc742da4?cid=578ab8eec910483d891f8aaeaf0bbef2
Toxic,Britney Spears,https://i.scdn.co/image/ab67616d0000b273efc6988972cb04105f002cd4,https://open.spotify.com/track/6I9VzXrHxO9rA9A5euc8Ak,https://p.scdn.co/mp3-preview/6de2791f84c1d637a0e24734b6df3997cc742da4?cid=578ab8eec910483d891f8aaeaf0bbef2
Toxic,Britney Spears,https://i.scdn.co/image/ab67616d0000b273efc6988972cb04105f002cd4,https://open.spotify.com/track/6I9VzXrHxO9rA9A5euc8Ak,https://p.scdn.co/mp3-preview/6de2791f84c1d637a0e24734b6df3997cc742da4?cid=578ab8eec910483d891f8aaeaf0bbef2
Toxic,Britney Spears,https://i.scdn.co/image/ab67616d0000b273efc6988972cb04105f002cd4,https://open.spotify.com/track/6I9VzXrHxO9rA9A5euc8Ak,https://p.scdn.co/mp3-preview/6de2791f84c1d637a0e24734b6df3997cc742da4?cid=578ab8eec910483d891f8aaeaf0bbef2
Toxic,Britney Spears,https://i.scdn.co/image/ab67616d0000b273efc6988972cb04105f002cd4,https://open.spotify.com/track/6I9VzXrHxO9rA9A5euc8Ak,https://p.scdn.co/mp3-preview/6de2791f84c1d637a0e24734b6df3997cc742da4?cid=578ab8eec910483d891f8aaeaf0bbef2
Toxic,Britney Spears,https://i.scdn.co/image/ab67616d0000b273efc6988972cb04105f002cd4,https://open.spotify.com/track/6I9VzXrHxO9rA9A5euc8Ak,https://p.scdn.co/mp3-preview/6de2791f84c1d637a0e24734b6df3997cc742da4?cid=578ab8eec910483d891f8aaeaf0bbef2
Toxic,Britney Spears,https://i.scdn.co/image/ab67616d0000b273efc6988972cb04105f002cd4,https://open.spotify.com/track/6I9VzXrHxO9rA9A5euc8Ak,https://p.scdn.co/mp3-preview/6de2791f84c1d637a0e24734b6df3997cc742da4?cid=578ab8eec910483d891f8aaeaf0bbef2
Toxic,Britney Spears,https://i.scdn.co/image/ab67616d0000b273efc6988972cb04105f002cd4,https://open.spotify.com/track/6I9VzXrHxO9rA9A5euc8Ak,https://p.scdn.co/mp3-preview/6de2791f84c1d637a0e24734b6df3997cc742da4?cid=578ab8eec910483d891f8aaeaf0bbef2
Toxic,Britney Spears,https://i.scdn.co/image/ab67616d0000b273efc6988972cb04105f002cd4,https://open.spotify.com/track/6I9VzXrHxO9rA9A5euc8Ak,https://p.scdn.co/mp3-preview/6de2791f84c1d637a0e24734b6df3997cc742da4?cid=578ab8eec910483d891f8aaeaf0bbef2
